validation_size,randomsearch_scoring,randomsearch_n_iter,randomsearch_rs,local_embeddings_params,estimator,featurizer,subtrain_size,splitting_rs,colname_demographics,n_demographics,positive_ratio,brier_score_loss,roc_auc_score,accuracy_score,average_precision_score,train_brier_score_loss,train_roc_auc_score,train_accuracy_score,train_average_precision_score,n_person_raw,n_event_raw,n_person_test,compute_time,n_codes_raw,test_prevalence,train_prevalence,vocabulary,n_person_subtrain,n_codes_featurizer,pipeline_best_params_estimator,pipeline_best_params_event_transformer__colname_demographics,pipeline_best_params_event_transformer__decay_half_life_in_days
,roc_auc,10,0,"{'colname_concept': 'event_source_concept_id', 'window_radius_in_days': 30, 'window_orientation': 'center', 'backend': 'pandas', 'd': 30}",ridge,Local Embeddings,0.5000000000000001,0,"['admitted_from_source_value', 'discharge_to_source_value', 'gender_source_value', 'inclusion_event_source_concept_id', 'age_at_inclusion_event_start']",5,,0.1398550371869354,0.8962794552394752,0.8374707259953161,0.9676621111174696,0.1429504049942123,0.8730187700569414,0.8347539713289422,0.9521232921859804,27053,2179972,6405,0 days 00:06:46.963026,6165,78.50117096018735,76.35606354126307,['A01AB03' 'A01AB09' 'A01AB11' ... 'ZZR+227' 'ZZR+238' 'ZZR+293'],10324,6165,"LogisticRegression(C=0.5, class_weight='balanced', n_jobs=-1)","['admitted_from_source_value', 'discharge_to_source_value', 'gender_source_value', 'inclusion_event_source_concept_id', 'age_at_inclusion_event_start']","[0, 1]"
,roc_auc,10,0,"{'colname_concept': 'event_source_concept_id', 'window_radius_in_days': 30, 'window_orientation': 'center', 'backend': 'pandas', 'd': 30}",ridge,Local Embeddings,0.1,4,"['admitted_from_source_value', 'discharge_to_source_value', 'gender_source_value', 'inclusion_event_source_concept_id', 'age_at_inclusion_event_start']",5,,0.1879368131001768,0.8689543350266828,0.7836065573770492,0.9499336291057534,0.177671523714513,0.8511028646916868,0.7999031007751938,0.9466109326049784,27053,2179972,6405,0 days 00:03:42.389242,6165,78.50117096018735,76.35658914728683,['A01AB03' 'A01AB09' 'A01AB11' ... 'ZZR+227' 'ZZR+238' 'ZZR+293'],2064,6165,"LogisticRegression(C=0.001, class_weight='balanced', n_jobs=-1)","['admitted_from_source_value', 'discharge_to_source_value', 'gender_source_value', 'inclusion_event_source_concept_id', 'age_at_inclusion_event_start']","[0, 7]"
,roc_auc,10,0,"{'colname_concept': 'event_source_concept_id', 'window_radius_in_days': 30, 'window_orientation': 'center', 'backend': 'pandas', 'd': 30}",ridge,Local Embeddings,0.5000000000000001,3,"['admitted_from_source_value', 'discharge_to_source_value', 'gender_source_value', 'inclusion_event_source_concept_id', 'age_at_inclusion_event_start']",5,,0.1411565912497308,0.8906810315392841,0.8324746291959406,0.9660315222083108,0.1420719376026178,0.8701881984282316,0.8314606741573034,0.9509591620270316,27053,2179972,6405,0 days 00:06:58.838744,6165,78.50117096018735,76.35606354126307,['A01AB03' 'A01AB09' 'A01AB11' ... 'ZZR+227' 'ZZR+238' 'ZZR+293'],10324,6165,"LogisticRegression(C=0.1, class_weight='balanced', n_jobs=-1)","['admitted_from_source_value', 'discharge_to_source_value', 'gender_source_value', 'inclusion_event_source_concept_id', 'age_at_inclusion_event_start']","[0, 1]"
,roc_auc,10,0,"{'colname_concept': 'event_source_concept_id', 'window_radius_in_days': 30, 'window_orientation': 'center', 'backend': 'pandas', 'd': 30}",ridge,Local Embeddings,0.9000000000000001,0,"['admitted_from_source_value', 'discharge_to_source_value', 'gender_source_value', 'inclusion_event_source_concept_id', 'age_at_inclusion_event_start']",5,,0.1349531442566642,0.8922413568981027,0.8366900858704137,0.966386742161073,0.138205962310463,0.8682684574478163,0.8320955763642235,0.950596480464254,27053,2179972,6405,0 days 00:08:53.977897,6165,78.50117096018735,76.35884189000107,['A01AB03' 'A01AB09' 'A01AB11' ... 'ZZR+227' 'ZZR+238' 'ZZR+293'],18582,6165,"LogisticRegression(C=0.5, class_weight='balanced', n_jobs=-1)","['admitted_from_source_value', 'discharge_to_source_value', 'gender_source_value', 'inclusion_event_source_concept_id', 'age_at_inclusion_event_start']","[0, 1]"
,roc_auc,10,0,"{'colname_concept': 'event_source_concept_id', 'window_radius_in_days': 30, 'window_orientation': 'center', 'backend': 'pandas', 'd': 30}",ridge,Local Embeddings,0.5000000000000001,2,"['admitted_from_source_value', 'discharge_to_source_value', 'gender_source_value', 'inclusion_event_source_concept_id', 'age_at_inclusion_event_start']",5,,0.1376428256514185,0.8924503535466457,0.8416861826697892,0.9655429203062056,0.1436462762673482,0.8689481765868847,0.8321387059279349,0.949730006410991,27053,2179972,6405,0 days 00:06:58.592585,6165,78.50117096018735,76.35606354126307,['A01AB03' 'A01AB09' 'A01AB11' ... 'ZZR+227' 'ZZR+238' 'ZZR+293'],10324,6165,"LogisticRegression(C=0.1, class_weight='balanced', n_jobs=-1)","['admitted_from_source_value', 'discharge_to_source_value', 'gender_source_value', 'inclusion_event_source_concept_id', 'age_at_inclusion_event_start']","[0, 1]"
,roc_auc,10,0,"{'colname_concept': 'event_source_concept_id', 'window_radius_in_days': 30, 'window_orientation': 'center', 'backend': 'pandas', 'd': 30}",ridge,Local Embeddings,0.7000000000000001,1,"['admitted_from_source_value', 'discharge_to_source_value', 'gender_source_value', 'inclusion_event_source_concept_id', 'age_at_inclusion_event_start']",5,,0.1410118442896468,0.8926943033319872,0.8343481654957065,0.9659986577272854,0.1427814438918439,0.8672964092400712,0.8323531446758459,0.9485803024420496,27053,2179972,6405,0 days 00:07:58.922565,6165,78.50117096018735,76.35784958140178,['A01AB03' 'A01AB09' 'A01AB11' ... 'ZZR+227' 'ZZR+238' 'ZZR+293'],14453,6165,"LogisticRegression(C=0.5, class_weight='balanced', n_jobs=-1)","['admitted_from_source_value', 'discharge_to_source_value', 'gender_source_value', 'inclusion_event_source_concept_id', 'age_at_inclusion_event_start']","[0, 1]"
,roc_auc,10,0,"{'colname_concept': 'event_source_concept_id', 'window_radius_in_days': 30, 'window_orientation': 'center', 'backend': 'pandas', 'd': 30}",ridge,Local Embeddings,0.3,3,"['admitted_from_source_value', 'discharge_to_source_value', 'gender_source_value', 'inclusion_event_source_concept_id', 'age_at_inclusion_event_start']",5,,0.1471059980770642,0.8855102782443012,0.8232630757220921,0.9638067038690712,0.1428875048605476,0.87215350696262,0.8346520264815114,0.9526038563466168,27053,2179972,6405,0 days 00:05:49.055211,6165,78.50117096018735,76.36040691102858,['A01AB03' 'A01AB09' 'A01AB11' ... 'ZZR+227' 'ZZR+238' 'ZZR+293'],6193,6165,"LogisticRegression(C=0.5, class_weight='balanced', n_jobs=-1)","['admitted_from_source_value', 'discharge_to_source_value', 'gender_source_value', 'inclusion_event_source_concept_id', 'age_at_inclusion_event_start']","[0, 1]"
,roc_auc,10,0,"{'colname_concept': 'event_source_concept_id', 'window_radius_in_days': 30, 'window_orientation': 'center', 'backend': 'pandas', 'd': 30}",ridge,Local Embeddings,0.7000000000000001,4,"['admitted_from_source_value', 'discharge_to_source_value', 'gender_source_value', 'inclusion_event_source_concept_id', 'age_at_inclusion_event_start']",5,,0.137788235335092,0.8911669090276731,0.8382513661202186,0.9647207681538544,0.1456942413741418,0.8640325015011929,0.8242579395281256,0.947273286256348,27053,2179972,6405,0 days 00:07:53.149457,6165,78.50117096018735,76.35784958140178,['A01AB03' 'A01AB09' 'A01AB11' ... 'ZZR+227' 'ZZR+238' 'ZZR+293'],14453,6165,"LogisticRegression(C=0.5, class_weight='balanced', n_jobs=-1)","['admitted_from_source_value', 'discharge_to_source_value', 'gender_source_value', 'inclusion_event_source_concept_id', 'age_at_inclusion_event_start']","[0, 1]"
,roc_auc,10,0,"{'colname_concept': 'event_source_concept_id', 'window_radius_in_days': 30, 'window_orientation': 'center', 'backend': 'pandas', 'd': 30}",ridge,Local Embeddings,0.01,3,"['admitted_from_source_value', 'discharge_to_source_value', 'gender_source_value', 'inclusion_event_source_concept_id', 'age_at_inclusion_event_start']",5,,0.1318615040461749,0.8782722346724716,0.843871975019516,0.9519465089667836,0.1119972297871057,0.9158704883227176,0.8682926829268293,0.9673672185885612,27053,2179972,6405,0 days 00:01:29.033362,6165,78.50117096018735,76.58536585365854,['A01AB03' 'A01AB09' 'A01AB11' ... 'ZZR+227' 'ZZR+238' 'ZZR+293'],205,6165,"LogisticRegression(C=0.5, class_weight='balanced', n_jobs=-1)","['admitted_from_source_value', 'discharge_to_source_value', 'gender_source_value', 'inclusion_event_source_concept_id', 'age_at_inclusion_event_start']","[0, 1]"
,roc_auc,10,0,"{'colname_concept': 'event_source_concept_id', 'window_radius_in_days': 30, 'window_orientation': 'center', 'backend': 'pandas', 'd': 30}",ridge,Local Embeddings,0.7000000000000001,2,"['admitted_from_source_value', 'discharge_to_source_value', 'gender_source_value', 'inclusion_event_source_concept_id', 'age_at_inclusion_event_start']",5,,0.1390507223649472,0.8879259444135355,0.8291959406713505,0.9644727240852368,0.1387452959055255,0.8661643226207405,0.8309693489240988,0.949508990386974,27053,2179972,6405,0 days 00:07:58.880571,6165,78.50117096018735,76.35784958140178,['A01AB03' 'A01AB09' 'A01AB11' ... 'ZZR+227' 'ZZR+238' 'ZZR+293'],14453,6165,"LogisticRegression(C=0.5, class_weight='balanced', n_jobs=-1)","['admitted_from_source_value', 'discharge_to_source_value', 'gender_source_value', 'inclusion_event_source_concept_id', 'age_at_inclusion_event_start']","[0, 1]"
,roc_auc,10,0,"{'colname_concept': 'event_source_concept_id', 'window_radius_in_days': 30, 'window_orientation': 'center', 'backend': 'pandas', 'd': 30}",ridge,Local Embeddings,0.9000000000000001,4,"['admitted_from_source_value', 'discharge_to_source_value', 'gender_source_value', 'inclusion_event_source_concept_id', 'age_at_inclusion_event_start']",5,,0.1413701490365288,0.8874394891873483,0.8290398126463701,0.9644017518524488,0.1433742003209493,0.86465618767625,0.8278441502529329,0.9479294925897864,27053,2179972,6405,0 days 00:08:53.199348,6165,78.50117096018735,76.35884189000107,['A01AB03' 'A01AB09' 'A01AB11' ... 'ZZR+227' 'ZZR+238' 'ZZR+293'],18582,6165,"LogisticRegression(C=0.1, class_weight='balanced', n_jobs=-1)","['admitted_from_source_value', 'discharge_to_source_value', 'gender_source_value', 'inclusion_event_source_concept_id', 'age_at_inclusion_event_start']","[0, 1]"
,roc_auc,10,0,"{'colname_concept': 'event_source_concept_id', 'window_radius_in_days': 30, 'window_orientation': 'center', 'backend': 'pandas', 'd': 30}",ridge,Local Embeddings,0.01,2,"['admitted_from_source_value', 'discharge_to_source_value', 'gender_source_value', 'inclusion_event_source_concept_id', 'age_at_inclusion_event_start']",5,,0.1791761912917252,0.8144363965569139,0.8157689305230289,0.9040987237052656,0.1581457480630783,0.8744692144373674,0.824390243902439,0.9592304883726074,27053,2179972,6405,0 days 00:01:29.701492,6165,78.50117096018735,76.58536585365854,['A01AB03' 'A01AB09' 'A01AB11' ... 'ZZR+227' 'ZZR+238' 'ZZR+293'],205,6165,"LogisticRegression(C=0.001, class_weight='balanced', n_jobs=-1)","['admitted_from_source_value', 'discharge_to_source_value', 'gender_source_value', 'inclusion_event_source_concept_id', 'age_at_inclusion_event_start']","[0, 7]"
,roc_auc,10,0,"{'colname_concept': 'event_source_concept_id', 'window_radius_in_days': 30, 'window_orientation': 'center', 'backend': 'pandas', 'd': 30}",ridge,Local Embeddings,0.01,4,"['admitted_from_source_value', 'discharge_to_source_value', 'gender_source_value', 'inclusion_event_source_concept_id', 'age_at_inclusion_event_start']",5,,0.147316934373976,0.8715059140129724,0.8235753317720531,0.9528467454636635,0.1527996708963155,0.8614649681528662,0.8,0.9464165987954232,27053,2179972,6405,0 days 00:01:31.637977,6165,78.50117096018735,76.58536585365854,['A01AB03' 'A01AB09' 'A01AB11' ... 'ZZR+227' 'ZZR+238' 'ZZR+293'],205,6165,"LogisticRegression(C=0.1, class_weight='balanced', n_jobs=-1)","['admitted_from_source_value', 'discharge_to_source_value', 'gender_source_value', 'inclusion_event_source_concept_id', 'age_at_inclusion_event_start']","[0, 1]"
,roc_auc,10,0,"{'colname_concept': 'event_source_concept_id', 'window_radius_in_days': 30, 'window_orientation': 'center', 'backend': 'pandas', 'd': 30}",ridge,Local Embeddings,0.1,0,"['admitted_from_source_value', 'discharge_to_source_value', 'gender_source_value', 'inclusion_event_source_concept_id', 'age_at_inclusion_event_start']",5,,0.1499875440757429,0.8820912259538306,0.8165495706479313,0.9608004651132388,0.138805072402684,0.8721433698094367,0.8318798449612403,0.9507779358247512,27053,2179972,6405,0 days 00:03:32.628223,6165,78.50117096018735,76.35658914728683,['A01AB03' 'A01AB09' 'A01AB11' ... 'ZZR+227' 'ZZR+238' 'ZZR+293'],2064,6165,"LogisticRegression(C=0.1, class_weight='balanced', n_jobs=-1)","['admitted_from_source_value', 'discharge_to_source_value', 'gender_source_value', 'inclusion_event_source_concept_id', 'age_at_inclusion_event_start']","[0, 1]"
,roc_auc,10,0,"{'colname_concept': 'event_source_concept_id', 'window_radius_in_days': 30, 'window_orientation': 'center', 'backend': 'pandas', 'd': 30}",ridge,Local Embeddings,0.3,4,"['admitted_from_source_value', 'discharge_to_source_value', 'gender_source_value', 'inclusion_event_source_concept_id', 'age_at_inclusion_event_start']",5,,0.138509677478892,0.9013540151910376,0.8426229508196721,0.9694619051085892,0.1466124453828566,0.8629654890704606,0.8275472307443889,0.9481882649505832,27053,2179972,6405,0 days 00:05:45.855072,6165,78.50117096018735,76.36040691102858,['A01AB03' 'A01AB09' 'A01AB11' ... 'ZZR+227' 'ZZR+238' 'ZZR+293'],6193,6165,"LogisticRegression(C=0.1, class_weight='balanced', n_jobs=-1)","['admitted_from_source_value', 'discharge_to_source_value', 'gender_source_value', 'inclusion_event_source_concept_id', 'age_at_inclusion_event_start']","[0, 1]"
,roc_auc,10,0,"{'colname_concept': 'event_source_concept_id', 'window_radius_in_days': 30, 'window_orientation': 'center', 'backend': 'pandas', 'd': 30}",ridge,Local Embeddings,1.0,0,"['admitted_from_source_value', 'discharge_to_source_value', 'gender_source_value', 'inclusion_event_source_concept_id', 'age_at_inclusion_event_start']",5,,0.1335058820831496,0.8961217328205332,0.8452771272443403,0.9672481888343216,0.138295309946217,0.8700221978512768,0.8372723750484309,0.9506663732934652,27053,2179972,6405,0 days 00:09:23.227077,6165,78.50117096018735,76.35606354126307,['A01AB03' 'A01AB09' 'A01AB11' ... 'ZZR+227' 'ZZR+238' 'ZZR+293'],20648,6165,"LogisticRegression(C=0.5, class_weight='balanced', n_jobs=-1)","['admitted_from_source_value', 'discharge_to_source_value', 'gender_source_value', 'inclusion_event_source_concept_id', 'age_at_inclusion_event_start']","[0, 1]"
,roc_auc,10,0,"{'colname_concept': 'event_source_concept_id', 'window_radius_in_days': 30, 'window_orientation': 'center', 'backend': 'pandas', 'd': 30}",ridge,Local Embeddings,1.0,1,"['admitted_from_source_value', 'discharge_to_source_value', 'gender_source_value', 'inclusion_event_source_concept_id', 'age_at_inclusion_event_start']",5,,0.1419414670081775,0.8911218454794039,0.8301327088212334,0.965679060843404,0.144203832807755,0.8666511272006931,0.8298624564122433,0.949571223425864,27053,2179972,6405,0 days 00:09:28.401026,6165,78.50117096018735,76.35606354126307,['A01AB03' 'A01AB09' 'A01AB11' ... 'ZZR+227' 'ZZR+238' 'ZZR+293'],20648,6165,"LogisticRegression(C=0.1, class_weight='balanced', n_jobs=-1)","['admitted_from_source_value', 'discharge_to_source_value', 'gender_source_value', 'inclusion_event_source_concept_id', 'age_at_inclusion_event_start']","[0, 1]"
,roc_auc,10,0,"{'colname_concept': 'event_source_concept_id', 'window_radius_in_days': 30, 'window_orientation': 'center', 'backend': 'pandas', 'd': 30}",ridge,Local Embeddings,0.7000000000000001,3,"['admitted_from_source_value', 'discharge_to_source_value', 'gender_source_value', 'inclusion_event_source_concept_id', 'age_at_inclusion_event_start']",5,,0.1393822009947772,0.8905766054322374,0.8349726775956284,0.9656588883026224,0.142371019046232,0.8696832819888787,0.8338061302151802,0.950516189355593,27053,2179972,6405,0 days 00:08:04.527040,6165,78.50117096018735,76.35784958140178,['A01AB03' 'A01AB09' 'A01AB11' ... 'ZZR+227' 'ZZR+238' 'ZZR+293'],14453,6165,"LogisticRegression(C=0.1, class_weight='balanced', n_jobs=-1)","['admitted_from_source_value', 'discharge_to_source_value', 'gender_source_value', 'inclusion_event_source_concept_id', 'age_at_inclusion_event_start']","[0, 1]"
,roc_auc,10,0,"{'colname_concept': 'event_source_concept_id', 'window_radius_in_days': 30, 'window_orientation': 'center', 'backend': 'pandas', 'd': 30}",ridge,Local Embeddings,0.3,2,"['admitted_from_source_value', 'discharge_to_source_value', 'gender_source_value', 'inclusion_event_source_concept_id', 'age_at_inclusion_event_start']",5,,0.1432920394777871,0.8821029251442467,0.8309133489461358,0.9586211774440812,0.1442627351609122,0.862831303652501,0.8299693202002261,0.9460610185428738,27053,2179972,6405,0 days 00:05:50.799175,6165,78.50117096018735,76.36040691102858,['A01AB03' 'A01AB09' 'A01AB11' ... 'ZZR+227' 'ZZR+238' 'ZZR+293'],6193,6165,"LogisticRegression(C=0.5, class_weight='balanced', n_jobs=-1)","['admitted_from_source_value', 'discharge_to_source_value', 'gender_source_value', 'inclusion_event_source_concept_id', 'age_at_inclusion_event_start']","[0, 1]"
,roc_auc,10,0,"{'colname_concept': 'event_source_concept_id', 'window_radius_in_days': 30, 'window_orientation': 'center', 'backend': 'pandas', 'd': 30}",ridge,Local Embeddings,0.01,1,"['admitted_from_source_value', 'discharge_to_source_value', 'gender_source_value', 'inclusion_event_source_concept_id', 'age_at_inclusion_event_start']",5,,0.1627913988510497,0.8682151195137298,0.8257611241217798,0.9554492573489968,0.1557004264822547,0.8585456475583865,0.824390243902439,0.9498514912174068,27053,2179972,6405,0 days 00:01:28.304604,6165,78.50117096018735,76.58536585365854,['A01AB03' 'A01AB09' 'A01AB11' ... 'ZZR+227' 'ZZR+238' 'ZZR+293'],205,6165,"LogisticRegression(C=0.001, class_weight='balanced', n_jobs=-1)","['admitted_from_source_value', 'discharge_to_source_value', 'gender_source_value', 'inclusion_event_source_concept_id', 'age_at_inclusion_event_start']","[0, 7]"
,roc_auc,10,0,"{'colname_concept': 'event_source_concept_id', 'window_radius_in_days': 30, 'window_orientation': 'center', 'backend': 'pandas', 'd': 30}",ridge,Local Embeddings,0.1,3,"['admitted_from_source_value', 'discharge_to_source_value', 'gender_source_value', 'inclusion_event_source_concept_id', 'age_at_inclusion_event_start']",5,,0.1741866934733493,0.863639869454367,0.7925058548009367,0.9434717551168492,0.1502607296791498,0.8806534492801865,0.8347868217054264,0.9569471349702248,27053,2179972,6405,0 days 00:03:44.572694,6165,78.50117096018735,76.35658914728683,['A01AB03' 'A01AB09' 'A01AB11' ... 'ZZR+227' 'ZZR+238' 'ZZR+293'],2064,6165,"LogisticRegression(C=0.5, class_weight='balanced', n_jobs=-1)","['admitted_from_source_value', 'discharge_to_source_value', 'gender_source_value', 'inclusion_event_source_concept_id', 'age_at_inclusion_event_start']","[0, 7]"
,roc_auc,10,0,"{'colname_concept': 'event_source_concept_id', 'window_radius_in_days': 30, 'window_orientation': 'center', 'backend': 'pandas', 'd': 30}",ridge,Local Embeddings,0.1,1,"['admitted_from_source_value', 'discharge_to_source_value', 'gender_source_value', 'inclusion_event_source_concept_id', 'age_at_inclusion_event_start']",5,,0.1398592891575805,0.893529712188361,0.8385636221701795,0.9653136253040466,0.1333013982523699,0.8827013293667305,0.8454457364341085,0.956739116554708,27053,2179972,6405,0 days 00:03:31.702097,6165,78.50117096018735,76.35658914728683,['A01AB03' 'A01AB09' 'A01AB11' ... 'ZZR+227' 'ZZR+238' 'ZZR+293'],2064,6165,"LogisticRegression(C=0.1, class_weight='balanced', n_jobs=-1)","['admitted_from_source_value', 'discharge_to_source_value', 'gender_source_value', 'inclusion_event_source_concept_id', 'age_at_inclusion_event_start']","[0, 1]"
,roc_auc,10,0,"{'colname_concept': 'event_source_concept_id', 'window_radius_in_days': 30, 'window_orientation': 'center', 'backend': 'pandas', 'd': 30}",ridge,Local Embeddings,0.9000000000000001,3,"['admitted_from_source_value', 'discharge_to_source_value', 'gender_source_value', 'inclusion_event_source_concept_id', 'age_at_inclusion_event_start']",5,,0.1402326616550231,0.8929544297756817,0.8354410616705699,0.966411524727735,0.1427587774245503,0.8689636189610079,0.8330104402109568,0.9509850714073782,27053,2179972,6405,0 days 00:08:53.595369,6165,78.50117096018735,76.35884189000107,['A01AB03' 'A01AB09' 'A01AB11' ... 'ZZR+227' 'ZZR+238' 'ZZR+293'],18582,6165,"LogisticRegression(C=0.1, class_weight='balanced', n_jobs=-1)","['admitted_from_source_value', 'discharge_to_source_value', 'gender_source_value', 'inclusion_event_source_concept_id', 'age_at_inclusion_event_start']","[0, 1]"
,roc_auc,10,0,"{'colname_concept': 'event_source_concept_id', 'window_radius_in_days': 30, 'window_orientation': 'center', 'backend': 'pandas', 'd': 30}",ridge,Local Embeddings,1.0,3,"['admitted_from_source_value', 'discharge_to_source_value', 'gender_source_value', 'inclusion_event_source_concept_id', 'age_at_inclusion_event_start']",5,,0.1397924833273519,0.8902309737943912,0.8315378610460578,0.9650631649036736,0.1422132498375202,0.8662236987760832,0.8298624564122433,0.9493382735468944,27053,2179972,6405,0 days 00:09:29.388988,6165,78.50117096018735,76.35606354126307,['A01AB03' 'A01AB09' 'A01AB11' ... 'ZZR+227' 'ZZR+238' 'ZZR+293'],20648,6165,"LogisticRegression(C=0.1, class_weight='balanced', n_jobs=-1)","['admitted_from_source_value', 'discharge_to_source_value', 'gender_source_value', 'inclusion_event_source_concept_id', 'age_at_inclusion_event_start']","[0, 1]"
,roc_auc,10,0,"{'colname_concept': 'event_source_concept_id', 'window_radius_in_days': 30, 'window_orientation': 'center', 'backend': 'pandas', 'd': 30}",ridge,Local Embeddings,0.5000000000000001,1,"['admitted_from_source_value', 'discharge_to_source_value', 'gender_source_value', 'inclusion_event_source_concept_id', 'age_at_inclusion_event_start']",5,,0.144217328179959,0.8862988903390108,0.8266978922716628,0.9635257342764236,0.1450767587608505,0.862636854658953,0.8261332816737699,0.9477336114308972,27053,2179972,6405,0 days 00:06:59.643170,6165,78.50117096018735,76.35606354126307,['A01AB03' 'A01AB09' 'A01AB11' ... 'ZZR+227' 'ZZR+238' 'ZZR+293'],10324,6165,"LogisticRegression(C=0.1, class_weight='balanced', n_jobs=-1)","['admitted_from_source_value', 'discharge_to_source_value', 'gender_source_value', 'inclusion_event_source_concept_id', 'age_at_inclusion_event_start']","[0, 1]"
,roc_auc,10,0,"{'colname_concept': 'event_source_concept_id', 'window_radius_in_days': 30, 'window_orientation': 'center', 'backend': 'pandas', 'd': 30}",ridge,Local Embeddings,0.7000000000000001,0,"['admitted_from_source_value', 'discharge_to_source_value', 'gender_source_value', 'inclusion_event_source_concept_id', 'age_at_inclusion_event_start']",5,,0.1432583615092862,0.8887476319971992,0.8307572209211553,0.9649127772720186,0.1445718609355465,0.8673761758548366,0.8273022901819691,0.9497003461043702,27053,2179972,6405,0 days 00:08:00.397236,6165,78.50117096018735,76.35784958140178,['A01AB03' 'A01AB09' 'A01AB11' ... 'ZZR+227' 'ZZR+238' 'ZZR+293'],14453,6165,"LogisticRegression(C=0.5, class_weight='balanced', n_jobs=-1)","['admitted_from_source_value', 'discharge_to_source_value', 'gender_source_value', 'inclusion_event_source_concept_id', 'age_at_inclusion_event_start']","[0, 1]"
,roc_auc,10,0,"{'colname_concept': 'event_source_concept_id', 'window_radius_in_days': 30, 'window_orientation': 'center', 'backend': 'pandas', 'd': 30}",ridge,Local Embeddings,0.3,1,"['admitted_from_source_value', 'discharge_to_source_value', 'gender_source_value', 'inclusion_event_source_concept_id', 'age_at_inclusion_event_start']",5,,0.1418136266076066,0.8945434975899668,0.8366900858704137,0.9658947332533908,0.1449751464375845,0.865035757741733,0.832068464395285,0.9487642828955184,27053,2179972,6405,0 days 00:05:38.169897,6165,78.50117096018735,76.36040691102858,['A01AB03' 'A01AB09' 'A01AB11' ... 'ZZR+227' 'ZZR+238' 'ZZR+293'],6193,6165,"LogisticRegression(C=0.1, class_weight='balanced', n_jobs=-1)","['admitted_from_source_value', 'discharge_to_source_value', 'gender_source_value', 'inclusion_event_source_concept_id', 'age_at_inclusion_event_start']","[0, 1]"
,roc_auc,10,0,"{'colname_concept': 'event_source_concept_id', 'window_radius_in_days': 30, 'window_orientation': 'center', 'backend': 'pandas', 'd': 30}",ridge,Local Embeddings,0.1,2,"['admitted_from_source_value', 'discharge_to_source_value', 'gender_source_value', 'inclusion_event_source_concept_id', 'age_at_inclusion_event_start']",5,,0.1470409416036892,0.8820337410428976,0.8306010928961749,0.958939456555144,0.1507739364494074,0.8536643401015229,0.8221899224806202,0.9381359546632428,27053,2179972,6405,0 days 00:03:38.041525,6165,78.50117096018735,76.35658914728683,['A01AB03' 'A01AB09' 'A01AB11' ... 'ZZR+227' 'ZZR+238' 'ZZR+293'],2064,6165,"LogisticRegression(C=0.1, class_weight='balanced', n_jobs=-1)","['admitted_from_source_value', 'discharge_to_source_value', 'gender_source_value', 'inclusion_event_source_concept_id', 'age_at_inclusion_event_start']","[0, 1]"
,roc_auc,10,0,"{'colname_concept': 'event_source_concept_id', 'window_radius_in_days': 30, 'window_orientation': 'center', 'backend': 'pandas', 'd': 30}",ridge,Local Embeddings,0.3,0,"['admitted_from_source_value', 'discharge_to_source_value', 'gender_source_value', 'inclusion_event_source_concept_id', 'age_at_inclusion_event_start']",5,,0.1504976837625062,0.886867962070358,0.819672131147541,0.964471048325124,0.1507658686781379,0.8686511086691002,0.8248021960277733,0.9519631830989808,27053,2179972,6405,0 days 00:05:29.750414,6165,78.50117096018735,76.36040691102858,['A01AB03' 'A01AB09' 'A01AB11' ... 'ZZR+227' 'ZZR+238' 'ZZR+293'],6193,6165,"LogisticRegression(C=0.1, class_weight='balanced', n_jobs=-1)","['admitted_from_source_value', 'discharge_to_source_value', 'gender_source_value', 'inclusion_event_source_concept_id', 'age_at_inclusion_event_start']","[0, 1]"
,roc_auc,10,0,"{'colname_concept': 'event_source_concept_id', 'window_radius_in_days': 30, 'window_orientation': 'center', 'backend': 'pandas', 'd': 30}",ridge,Local Embeddings,0.5000000000000001,4,"['admitted_from_source_value', 'discharge_to_source_value', 'gender_source_value', 'inclusion_event_source_concept_id', 'age_at_inclusion_event_start']",5,,0.1333687215484116,0.9007563454386734,0.8505854800936768,0.9683111842425456,0.1422546342635132,0.8678029973699231,0.8338822161952731,0.9495207885939448,27053,2179972,6405,0 days 00:06:56.679466,6165,78.50117096018735,76.35606354126307,['A01AB03' 'A01AB09' 'A01AB11' ... 'ZZR+227' 'ZZR+238' 'ZZR+293'],10324,6165,"LogisticRegression(C=0.1, class_weight='balanced', n_jobs=-1)","['admitted_from_source_value', 'discharge_to_source_value', 'gender_source_value', 'inclusion_event_source_concept_id', 'age_at_inclusion_event_start']","[0, 1]"
,roc_auc,10,0,"{'colname_concept': 'event_source_concept_id', 'window_radius_in_days': 30, 'window_orientation': 'center', 'backend': 'pandas', 'd': 30}",ridge,Local Embeddings,0.9000000000000001,1,"['admitted_from_source_value', 'discharge_to_source_value', 'gender_source_value', 'inclusion_event_source_concept_id', 'age_at_inclusion_event_start']",5,,0.1413093021046425,0.8893738997705803,0.8301327088212334,0.9652503870177456,0.1434865127010476,0.8655083946315646,0.8285437520180821,0.9482340423944248,27053,2179972,6405,0 days 00:08:59.279150,6165,78.50117096018735,76.35884189000107,['A01AB03' 'A01AB09' 'A01AB11' ... 'ZZR+227' 'ZZR+238' 'ZZR+293'],18582,6165,"LogisticRegression(C=0.1, class_weight='balanced', n_jobs=-1)","['admitted_from_source_value', 'discharge_to_source_value', 'gender_source_value', 'inclusion_event_source_concept_id', 'age_at_inclusion_event_start']","[0, 1]"
,roc_auc,10,0,"{'colname_concept': 'event_source_concept_id', 'window_radius_in_days': 30, 'window_orientation': 'center', 'backend': 'pandas', 'd': 30}",ridge,Local Embeddings,0.01,0,"['admitted_from_source_value', 'discharge_to_source_value', 'gender_source_value', 'inclusion_event_source_concept_id', 'age_at_inclusion_event_start']",5,,0.1457262760479957,0.7606308087924759,0.8271662763466042,0.8560716634297735,0.1050760037532757,0.900875796178344,0.8585365853658536,0.960019613074468,27053,2179972,6405,0 days 00:01:23.242699,6165,78.50117096018735,76.58536585365854,['A01AB03' 'A01AB09' 'A01AB11' ... 'ZZR+227' 'ZZR+238' 'ZZR+293'],205,6165,"LogisticRegression(C=0.5, class_weight='balanced', n_jobs=-1)","['admitted_from_source_value', 'discharge_to_source_value', 'gender_source_value', 'inclusion_event_source_concept_id', 'age_at_inclusion_event_start']","[0, 90]"
,roc_auc,10,0,"{'colname_concept': 'event_source_concept_id', 'window_radius_in_days': 30, 'window_orientation': 'center', 'backend': 'pandas', 'd': 30}",ridge,Local Embeddings,1.0,2,"['admitted_from_source_value', 'discharge_to_source_value', 'gender_source_value', 'inclusion_event_source_concept_id', 'age_at_inclusion_event_start']",5,,0.1361241681607597,0.8945511526157945,0.8412177985948478,0.9667262166701772,0.1399581227412579,0.8684874493066173,0.8359163115071677,0.9505694099479708,27053,2179972,6405,0 days 00:09:32.112196,6165,78.50117096018735,76.35606354126307,['A01AB03' 'A01AB09' 'A01AB11' ... 'ZZR+227' 'ZZR+238' 'ZZR+293'],20648,6165,"LogisticRegression(C=0.5, class_weight='balanced', n_jobs=-1)","['admitted_from_source_value', 'discharge_to_source_value', 'gender_source_value', 'inclusion_event_source_concept_id', 'age_at_inclusion_event_start']","[0, 1]"
,roc_auc,10,0,"{'colname_concept': 'event_source_concept_id', 'window_radius_in_days': 30, 'window_orientation': 'center', 'backend': 'pandas', 'd': 30}",ridge,Local Embeddings,0.9000000000000001,2,"['admitted_from_source_value', 'discharge_to_source_value', 'gender_source_value', 'inclusion_event_source_concept_id', 'age_at_inclusion_event_start']",5,,0.1387068668346647,0.8905673616274642,0.8334113973458236,0.9652420512824156,0.141019093974292,0.8682256545834192,0.8314497901194704,0.9503965542763508,27053,2179972,6405,0 days 00:08:56.557709,6165,78.50117096018735,76.35884189000107,['A01AB03' 'A01AB09' 'A01AB11' ... 'ZZR+227' 'ZZR+238' 'ZZR+293'],18582,6165,"LogisticRegression(C=0.1, class_weight='balanced', n_jobs=-1)","['admitted_from_source_value', 'discharge_to_source_value', 'gender_source_value', 'inclusion_event_source_concept_id', 'age_at_inclusion_event_start']","[0, 1]"
,roc_auc,10,0,"{'colname_concept': 'event_source_concept_id', 'window_radius_in_days': 30, 'window_orientation': 'center', 'backend': 'pandas', 'd': 30}",ridge,Local Embeddings,1.0,4,"['admitted_from_source_value', 'discharge_to_source_value', 'gender_source_value', 'inclusion_event_source_concept_id', 'age_at_inclusion_event_start']",5,,0.1347768186433963,0.8971220858183282,0.8441842310694769,0.9678656864372536,0.1394240052956517,0.8701941488285012,0.8370302208446339,0.951254284161456,27053,2179972,6405,0 days 00:09:33.405307,6165,78.50117096018735,76.35606354126307,['A01AB03' 'A01AB09' 'A01AB11' ... 'ZZR+227' 'ZZR+238' 'ZZR+293'],20648,6165,"LogisticRegression(C=0.5, class_weight='balanced', n_jobs=-1)","['admitted_from_source_value', 'discharge_to_source_value', 'gender_source_value', 'inclusion_event_source_concept_id', 'age_at_inclusion_event_start']","[0, 1]"
